b9ogpt96K0NmkI,b9ogpt96K0NmkI
7aAV7KLV4XPjeF,7aAV7KLV4XPjeF
BkUntXGgYWnEEA,BkUntXGgYWnEEA
h9z35zHKlMOcwg,h9z35zHKlMOcwg
xXitH3wwSM9h0h,xXitH3wwSM9h0h
GeQky57QPZk5tY,GeQky57QPZk5tY
vpV2AFIyeK5TGq,vpV2AFIyeK5TGq
8rzPKQ9xI2Pkk7,8rzPKQ9xI2Pkk7
ffzCkf04VwYGH4,ffzCkf04VwYGH4
2XSa3bPqTB4bkw,2XSa3bPqTB4bkw
8RtxDipC1cBJUL,8RtxDipC1cBJUL
YGVt04kCMH8LBk,YGVt04kCMH8LBk
qOEhArJcc7q8pL,qOEhArJcc7q8pL
0tuFK9lCleqYPK,0tuFK9lCleqYPK
K0caUOaqU14jiF,K0caUOaqU14jiF
nVNLrJRER80OnO,nVNLrJRER80OnO
sNEHWDuA09BfXB,sNEHWDuA09BfXB
eFyAvrs9hDJFYT,eFyAvrs9hDJFYT
ahlsfI8a1QJTYp,ahlsfI8a1QJTYp
XC1m0oQ96NgWcf,XC1m0oQ96NgWcf
XTtVFfpKKk95iY,XTtVFfpKKk95iY
DUDbWBDpkTeb9g,DUDbWBDpkTeb9g
kA7kJKZxsxvF89,kA7kJKZxsxvF89
9y30CF5vCHQ3fl,9y30CF5vCHQ3fl
JQXewMmEJkqRbp,JQXewMmEJkqRbp
OfuPafseIN4AEv,OfuPafseIN4AEv
ZssujIALAbvCLE,ZssujIALAbvCLE
YvC2CakGwflnj8,YvC2CakGwflnj8
Y9QxCuASNYGiZt,Y9QxCuASNYGiZt
aDQJTFnj0uNxlm,aDQJTFnj0uNxlm
bWrA38FfsOl9ba,bWrA38FfsOl9ba
Vue79wnSf2QPQj,Vue79wnSf2QPQj
Tc3Xuabzoqfg7k,Tc3Xuabzoqfg7k
KHimYRPD2nmIhN,KHimYRPD2nmIhN
9JvwPGC9JhuJtH,9JvwPGC9JhuJtH
8wCflM6SPR6wuD,8wCflM6SPR6wuD
qLb9lEA3vuuVPV,qLb9lEA3vuuVPV
GUxqJeKCM13OpW,GUxqJeKCM13OpW
JTIvP7CkqRMk8r,JTIvP7CkqRMk8r
FxGfpBGEm5P8WE,FxGfpBGEm5P8WE
KwGkjyUPFcY6ja,KwGkjyUPFcY6ja
PUuOkrVbZvtybh,PUuOkrVbZvtybh
M8CpTZBKipLyu0,M8CpTZBKipLyu0
EQY1ALWZ5PXFz3,EQY1ALWZ5PXFz3
KYlgLtovupu6o4,KYlgLtovupu6o4
xbFwZWEDOTjEZJ,xbFwZWEDOTjEZJ
7mTAf9JWGiWtQI,7mTAf9JWGiWtQI
qa1T4SoNk1VhcJ,qa1T4SoNk1VhcJ
I7V6ul9Vz3aTXc,I7V6ul9Vz3aTXc
UkNpV6EH70l1Bh,UkNpV6EH70l1Bh
sepUkz2BquG3zK,sepUkz2BquG3zK
jbIkpuWIshYq6R,jbIkpuWIshYq6R
taOwcrgamHgtON,taOwcrgamHgtON
zLn2IRej4g5vSx,zLn2IRej4g5vSx
rPUAhevQVC92m2,rPUAhevQVC92m2
DMinoXk11jvfZn,DMinoXk11jvfZn
AJbby1672LlGoM,AJbby1672LlGoM
NY5fQmnSKIhlNz,NY5fQmnSKIhlNz
80OwlBoauBqM25,80OwlBoauBqM25
lt5mhzL8AXKDJA,lt5mhzL8AXKDJA
ue4D27V1p26YMp,ue4D27V1p26YMp
aVjt2S6FYcfc1R,aVjt2S6FYcfc1R
C02OSxObl8reYH,C02OSxObl8reYH
TfyPfzOG0iuckp,TfyPfzOG0iuckp
FHIyoLP7v8jNmJ,FHIyoLP7v8jNmJ
cRKHtnt6cEb8tF,cRKHtnt6cEb8tF
Nok11iQC7ZewoR,Nok11iQC7ZewoR
Oq82eobqReX9TA,Oq82eobqReX9TA
1ASwA6G1bWgIFL,1ASwA6G1bWgIFL
fZnSgcLIELUwAF,fZnSgcLIELUwAF
Zz7039csOC8FCR,Zz7039csOC8FCR
I2Oz8rIjUZQvmI,I2Oz8rIjUZQvmI
5XJaMQ1OLLwbO7,5XJaMQ1OLLwbO7
ckjrACjPtithaB,ckjrACjPtithaB
X47hgYUilkRIwm,X47hgYUilkRIwm
LWeOtIY9Bpocoa,LWeOtIY9Bpocoa
kRsa4jRZtSvJ04,kRsa4jRZtSvJ04
btOg0GPxyoB6uQ,btOg0GPxyoB6uQ
LkgXOnFnFRjMSC,LkgXOnFnFRjMSC
HhYtOiSfiLI0tE,HhYtOiSfiLI0tE
3boIJmvOgAmAG2,3boIJmvOgAmAG2
FNHpC8zhbbrI82,FNHpC8zhbbrI82
OnYkhQIq255DTf,OnYkhQIq255DTf
QwQgbEh1AtKozf,QwQgbEh1AtKozf
f3l0MEPRegR96t,f3l0MEPRegR96t
6jlb8r006XctJX,6jlb8r006XctJX
IJ0vVAhfX1iqtg,IJ0vVAhfX1iqtg
V6pAvyeR5Zb12Q,V6pAvyeR5Zb12Q
QCjwOKzSbzhzqg,QCjwOKzSbzhzqg
D8ofGO5hNL9HLa,D8ofGO5hNL9HLa
hubve37JC0p1Dk,hubve37JC0p1Dk
MMMbnkrNfJKmpw,MMMbnkrNfJKmpw
Vz5vYhI0XU8YaU,Vz5vYhI0XU8YaU
vj8glJICmWT2WP,vj8glJICmWT2WP
FP97ky8qlojnn2,FP97ky8qlojnn2
Tqi7Nlat9L8ALM,Tqi7Nlat9L8ALM
4ZrjwtjreMxSSS,4ZrjwtjreMxSSS
tKlpOrNqZFVLCV,tKlpOrNqZFVLCV
QeTsAwWYwnBEGn,QeTsAwWYwnBEGn
8xURbVQH4hSFeu,8xURbVQH4hSFeu
PUu4Ag6enaQM2t,PUu4Ag6enaQM2t
zoO8GS20GOASIL,zoO8GS20GOASIL
cb11ePZ5pHCF8v,cb11ePZ5pHCF8v
rDcbnGt409cKf3,rDcbnGt409cKf3
h1uo0qJ9l6exVH,h1uo0qJ9l6exVH
ZKPX9V2lKoDGhh,ZKPX9V2lKoDGhh
bMqIoGs8WcG7I8,bMqIoGs8WcG7I8
fKiR1OrZySIPKz,fKiR1OrZySIPKz
FCNbDb8YKKkXAn,FCNbDb8YKKkXAn
pKYoRiKwQPZoSS,pKYoRiKwQPZoSS
ms53G6LISVne9g,ms53G6LISVne9g
2P4CJEhsAjSLYZ,2P4CJEhsAjSLYZ
silcBWGTKK9KC4,silcBWGTKK9KC4
IZzGOX5ukhRH8p,IZzGOX5ukhRH8p
PyOmUUIU483ocN,PyOmUUIU483ocN
jR8lLtgOODHWZ9,jR8lLtgOODHWZ9
mIPLkYLwRH9tO2,mIPLkYLwRH9tO2
gYfSO9y53tyCTI,gYfSO9y53tyCTI
qm0LE4J0Y1otxn,qm0LE4J0Y1otxn
H5akLxDFqDSHk7,H5akLxDFqDSHk7
C2XYhQFNHoXIHe,C2XYhQFNHoXIHe
UTw55l92iuE2QW,UTw55l92iuE2QW
hzL5WskOEpHrBF,hzL5WskOEpHrBF
uCKT9lNt12LQK1,uCKT9lNt12LQK1
YD337OBUQZAqvp,YD337OBUQZAqvp
6g6Bq4OASKqBiM,6g6Bq4OASKqBiM
3QqkkG4RYXuIex,3QqkkG4RYXuIex
CiDo64ilSJVTGn,CiDo64ilSJVTGn
AoW0H0JXl2moaB,AoW0H0JXl2moaB
9LzlymcOUhXsx4,9LzlymcOUhXsx4
95i8pK6WIbxtum,95i8pK6WIbxtum
tCimJuJWMaWYX1,tCimJuJWMaWYX1
buwan080gwjGoz,buwan080gwjGoz
r8M6WsKJq2Gewn,r8M6WsKJq2Gewn
F1PWNIYVhTI3Ac,F1PWNIYVhTI3Ac
vvb3taN1mjskRM,vvb3taN1mjskRM
SiOp1CX6PqH7bM,SiOp1CX6PqH7bM
3N1aJW0VyZvt1D,3N1aJW0VyZvt1D
xs3QHkXVkDn3gy,xs3QHkXVkDn3gy
pUT617mEP0SiXP,pUT617mEP0SiXP
sVK9sgqDYIkm7o,sVK9sgqDYIkm7o
uk18xplQKWGHxy,uk18xplQKWGHxy
LfJTAuQtqjoHFv,LfJTAuQtqjoHFv
nCRo7iSymqujtS,nCRo7iSymqujtS
7cLjLjDbbCPlDW,7cLjLjDbbCPlDW
tUE2c80hVyUJxE,tUE2c80hVyUJxE
ZGk8XxIkvxxNZU,ZGk8XxIkvxxNZU
hKVBl7GrNSC5tf,hKVBl7GrNSC5tf
W5rLXCzsRkA483,W5rLXCzsRkA483
SG4Q8qkxBh5qMT,SG4Q8qkxBh5qMT
nFijRgj5StqZZS,nFijRgj5StqZZS
F1f3cq6tsA3bXn,F1f3cq6tsA3bXn
Kuf9u0wuLmhZri,Kuf9u0wuLmhZri
fLSnI8JUbT3Qwc,fLSnI8JUbT3Qwc
DqOeCqxLWhmxxY,DqOeCqxLWhmxxY
Eyj0ycrYnTgbIF,Eyj0ycrYnTgbIF
1NUr3qNlkwXVay,1NUr3qNlkwXVay
4VqizVqJX23Lzf,4VqizVqJX23Lzf
Mt0nmBwmVTc2AT,Mt0nmBwmVTc2AT
2P3M1H6Y9KS6hK,2P3M1H6Y9KS6hK
gbEzQV341QIi3k,gbEzQV341QIi3k
JH2yupsBtsVWXB,JH2yupsBtsVWXB
VZVvyt0VkwIFDn,VZVvyt0VkwIFDn
Sr6Vlcy5rURCwA,Sr6Vlcy5rURCwA
ozgb6F14Y6RUG4,ozgb6F14Y6RUG4
XBAqD9a8eRvTXh,XBAqD9a8eRvTXh
D3vTiWLzLhkDQX,D3vTiWLzLhkDQX
KHHiNsff0GMED1,KHHiNsff0GMED1
RQqDezLcJ1mlM2,RQqDezLcJ1mlM2
bkACuJ6NVH8UHc,bkACuJ6NVH8UHc
8HPrnks2zGWqsD,8HPrnks2zGWqsD
HwSAtfckPaK2m7,HwSAtfckPaK2m7
SRrHG4F1OZTFtw,SRrHG4F1OZTFtw
osVuTeK9nDx9LG,osVuTeK9nDx9LG
5JFJiRr4QrXxIe,5JFJiRr4QrXxIe
FolwV3y4ttfJ3W,FolwV3y4ttfJ3W
pcxYUWL8rmEITu,pcxYUWL8rmEITu
bRR8btYOinqtU1,bRR8btYOinqtU1
Ie5OZ0u14CSZM8,Ie5OZ0u14CSZM8
FW5noFANzRXj2Q,FW5noFANzRXj2Q
NGkXyYQRCjaUNp,NGkXyYQRCjaUNp
24GSjnHo4DxAhQ,24GSjnHo4DxAhQ
xJoOtLH8NxFakX,xJoOtLH8NxFakX
m1icCpVrPtWumH,m1icCpVrPtWumH
UjJbmU4TNUeHkU,UjJbmU4TNUeHkU
Op6N3tsytVG6K9,Op6N3tsytVG6K9
t0wlswYvYb0JfW,t0wlswYvYb0JfW
LnFLkgvFH0kLJT,LnFLkgvFH0kLJT
26o7BDHIs3Fsjl,26o7BDHIs3Fsjl
riM9MhBKsMqrWL,riM9MhBKsMqrWL
6qW5HpACCNLOgl,6qW5HpACCNLOgl
PMJKz2f12GHBoL,PMJKz2f12GHBoL
feIw9CFbkts8bp,feIw9CFbkts8bp
S0PyLPlUuWoG7u,S0PyLPlUuWoG7u
PBh7R7vxJhVmpk,PBh7R7vxJhVmpk
xXYo4OwhP5XzVb,xXYo4OwhP5XzVb
U3v2HErnqzxsZ3,U3v2HErnqzxsZ3
vtBKDk3kblT5Au,vtBKDk3kblT5Au
g4bexzWcrzBiPz,g4bexzWcrzBiPz
Ewl3VwAzJDDY7H,Ewl3VwAzJDDY7H
898sA4RgH9vADS,898sA4RgH9vADS
3htBM6S0FaKeER,3htBM6S0FaKeER
7PrEYug3941PxZ,7PrEYug3941PxZ
pwpRkVtTHeN5e6,pwpRkVtTHeN5e6
HlaKRbizkRQnT5,HlaKRbizkRQnT5
PcwXI4x13t5R9T,PcwXI4x13t5R9T
wV5o9i3iiA5tRs,wV5o9i3iiA5tRs
9AWTvMeaotH1fr,9AWTvMeaotH1fr
xepsSb24jIRYCv,xepsSb24jIRYCv
KMkhA9WWSugge5,KMkhA9WWSugge5
b9QUJ6jJVkSeBN,b9QUJ6jJVkSeBN
CqHHan4gTjx1ON,CqHHan4gTjx1ON
ceUNWjL6CQEMCA,ceUNWjL6CQEMCA
F6pWxKyPInBub8,F6pWxKyPInBub8
03jQSQXw5steom,03jQSQXw5steom
VhpUXzNs9ilX9J,VhpUXzNs9ilX9J
HGgjBpCRD1AilT,HGgjBpCRD1AilT
uDY074lBxZ5MLP,uDY074lBxZ5MLP
kfScHVJx8FArFP,kfScHVJx8FArFP
iJhI8syayVRsCe,iJhI8syayVRsCe
yHjNPRobO0ufT2,yHjNPRobO0ufT2
uPLUXuxqQIRgum,uPLUXuxqQIRgum
ZuWHlipYvM4NjS,ZuWHlipYvM4NjS
UkiLCQpmcqwwAQ,UkiLCQpmcqwwAQ
We4CAlaCC3Myu8,We4CAlaCC3Myu8
FBLAYpLS6QAArO,FBLAYpLS6QAArO
GJ6wkPo0w7Ig2p,GJ6wkPo0w7Ig2p
3LB9fMjC4aHAGo,3LB9fMjC4aHAGo
p8G88sTCECVzCg,p8G88sTCECVzCg
5B1mTGFZxFEKj9,5B1mTGFZxFEKj9
w3PQglox8HwcXW,w3PQglox8HwcXW
09YSLc7Qhu14DO,09YSLc7Qhu14DO
202pqGJFMtSsya,202pqGJFMtSsya
0DysxzK08tiOxw,0DysxzK08tiOxw
Paz6cFPi7me5DS,Paz6cFPi7me5DS
b08He7ZeJTsqLX,b08He7ZeJTsqLX
N42j8GzjR8gyZJ,N42j8GzjR8gyZJ
LTxoa6VZrFIcuf,LTxoa6VZrFIcuf
c8WZQmivwGlAnQ,c8WZQmivwGlAnQ
P8EWgtEfVeNPIT,P8EWgtEfVeNPIT
z9SsuW4w0xtFEO,z9SsuW4w0xtFEO
2hXaZH1ju31C6X,2hXaZH1ju31C6X
rLH51MUVKSGca9,rLH51MUVKSGca9
LLK2EVRfOwGe30,LLK2EVRfOwGe30
LcDIXJC2NRWIxt,LcDIXJC2NRWIxt
8ixF8Q88tmZ3BL,8ixF8Q88tmZ3BL
6PTFrp7Bn147cW,6PTFrp7Bn147cW
Z4pR93MH71Yi0z,Z4pR93MH71Yi0z
3gQfxPwCJH0uKE,3gQfxPwCJH0uKE
qQT6erhaXtspz0,qQT6erhaXtspz0
U0xIKy7uuhyFEI,U0xIKy7uuhyFEI
RGDPS3aGSjkKTN,RGDPS3aGSjkKTN
UQm3MPYXZcfvRU,UQm3MPYXZcfvRU
FxBsWU6wUBg6V1,FxBsWU6wUBg6V1
6IygesM1SuFi6h,6IygesM1SuFi6h
jGIrTM82rKpTNG,jGIrTM82rKpTNG
kx74EElGXHkSRL,kx74EElGXHkSRL
HOyKf8Fb7lBQDz,HOyKf8Fb7lBQDz
kBqmIyuIbUN4sn,kBqmIyuIbUN4sn
rMYY2NruV3D2O1,rMYY2NruV3D2O1
oelV3Y8DR38MMI,oelV3Y8DR38MMI
w5L7aUmJTV1Z7B,w5L7aUmJTV1Z7B
ZGmRcOf5G4msBT,ZGmRcOf5G4msBT
nyoHbaM0kr4rPp,nyoHbaM0kr4rPp
JWQvSPipT0UXvh,JWQvSPipT0UXvh
bSMH0WqaDUR3TS,bSMH0WqaDUR3TS
EifBTau36lg2zb,EifBTau36lg2zb
MZeySVKqLjjyPx,MZeySVKqLjjyPx
kRDYMDbVhO1B9R,kRDYMDbVhO1B9R
JiNr3nr0wwrYcu,JiNr3nr0wwrYcu
xuRDDsmQXOB0HB,xuRDDsmQXOB0HB
oMBUADFbjys9Uv,oMBUADFbjys9Uv
YPgHW9Cloc03Do,YPgHW9Cloc03Do
hZtTAG22G2rLe0,hZtTAG22G2rLe0
3JvZRMCtRTTy1h,3JvZRMCtRTTy1h
Nq98EDgxmWKn17,Nq98EDgxmWKn17
O5yCHiFMNWJzor,O5yCHiFMNWJzor
tVUViXKlM4OW9L,tVUViXKlM4OW9L
8VbjwUhscpKFAV,8VbjwUhscpKFAV
o9A3bevA73XZr3,o9A3bevA73XZr3
nTOoIyLwp8rJgw,nTOoIyLwp8rJgw
uXNYVzvUi1Zs9P,uXNYVzvUi1Zs9P
hM8KyfrGPpZysi,hM8KyfrGPpZysi
ZSnUCKXU7LXzW1,ZSnUCKXU7LXzW1
eBKFDyrmVTHqlB,eBKFDyrmVTHqlB
nq52vGUbjkeooz,nq52vGUbjkeooz
cWkrnZWMnPyvLM,cWkrnZWMnPyvLM
LpIf7cYclxv28M,LpIf7cYclxv28M
7IhHzwpCGKQRtS,7IhHzwpCGKQRtS
PRHum7HXMTxwjG,PRHum7HXMTxwjG
7l6vCz1kNThon0,7l6vCz1kNThon0
GcIe23X79ZG3Z1,GcIe23X79ZG3Z1
egfU5HGpP7orUi,egfU5HGpP7orUi
pobUzylHa1gaBh,pobUzylHa1gaBh
ePUYh0w2icEpgI,ePUYh0w2icEpgI
YowiTEYI0lH1L1,YowiTEYI0lH1L1
nGxBLw8KVHHfTh,nGxBLw8KVHHfTh
WclFqqjS6yE2oD,WclFqqjS6yE2oD
zWb6BKGKfEmjIu,zWb6BKGKfEmjIu
ynW064x9KC03VF,ynW064x9KC03VF
emcFjIYShFle11,emcFjIYShFle11
G7VNtxtMgryY9B,G7VNtxtMgryY9B
3ju0HfPK5njsoH,3ju0HfPK5njsoH
Lvhh2R5APNGijC,Lvhh2R5APNGijC
mBgVc4WJvoWTE7,mBgVc4WJvoWTE7
I7SORRuHBjqF9P,I7SORRuHBjqF9P
HOhEAKxGLLZCMa,HOhEAKxGLLZCMa
8zSssxav7MJaAN,8zSssxav7MJaAN
hhGp4XcU9uJO4x,hhGp4XcU9uJO4x
BlU6n8aWv6vBBv,BlU6n8aWv6vBBv
WQiTuheQpMt00o,WQiTuheQpMt00o
khGMZYRew2tFMC,khGMZYRew2tFMC
zMRMhuP17tjGGQ,zMRMhuP17tjGGQ
bzrccl9Al1Ysgz,bzrccl9Al1Ysgz
OAfCxpUZ9yJWKx,OAfCxpUZ9yJWKx
RcTaIuCRlq1EBE,RcTaIuCRlq1EBE
FTQrLbj2SVNxyG,FTQrLbj2SVNxyG
Q0URGCga7gvgD7,Q0URGCga7gvgD7
evXQPNVv9LRqxc,evXQPNVv9LRqxc
5DclU4BPVrYVMO,5DclU4BPVrYVMO
j4rvQ9IFwPm8zM,j4rvQ9IFwPm8zM
HIFkbcJOehgcZY,HIFkbcJOehgcZY
wtQXOLc131Ijnc,wtQXOLc131Ijnc
SJ65qX1JgmzOJF,SJ65qX1JgmzOJF
qKNI5DwzbB5BDE,qKNI5DwzbB5BDE
QNrZoYRjf4vR3P,QNrZoYRjf4vR3P
sYKZF8p19v1I4u,sYKZF8p19v1I4u
QIyjK1C3NITZ4G,QIyjK1C3NITZ4G
OHBwi4r8sgfXKP,OHBwi4r8sgfXKP
7lp0SESQIHoL4o,7lp0SESQIHoL4o
xEfnPYRrgCDVMv,xEfnPYRrgCDVMv
1a01Zcbf0PoLY8,1a01Zcbf0PoLY8
FH6Y5q4wO6TT45,FH6Y5q4wO6TT45
QcQBCObiZBs7CF,QcQBCObiZBs7CF
NhmmhEo42vKGo1,NhmmhEo42vKGo1
Ue5lq9IKJEMLxk,Ue5lq9IKJEMLxk
is38WCmEmfw9Uo,is38WCmEmfw9Uo
X3qv5wErpVyaYZ,X3qv5wErpVyaYZ
WQBi0ZbJIUBUjF,WQBi0ZbJIUBUjF
ziXxXIyVXKReGf,ziXxXIyVXKReGf
bjjPjbiZQ7KAPo,bjjPjbiZQ7KAPo
cmWAVRTeXSDNzI,cmWAVRTeXSDNzI
C3bjzaZFsE6D58,C3bjzaZFsE6D58
hlLmSkzfVmvCyc,hlLmSkzfVmvCyc
GRLyhbgkHT8j2c,GRLyhbgkHT8j2c
t3xUvDASSvY3N3,t3xUvDASSvY3N3
B86ZKi8vUYLuSQ,B86ZKi8vUYLuSQ
huVacmkqFMuoL1,huVacmkqFMuoL1
IBf9OjjxXlNO1c,IBf9OjjxXlNO1c
Y9Z0WcUztOJYMv,Y9Z0WcUztOJYMv
J3RK3KRw69pViX,J3RK3KRw69pViX
bER4fzb8GkgiIu,bER4fzb8GkgiIu
P1ah88VaXxhyq9,P1ah88VaXxhyq9
218g2yZ4KIJJXD,218g2yZ4KIJJXD
Cec0pAwlT7YHGH,Cec0pAwlT7YHGH
JPj6F3pJTXvDlt,JPj6F3pJTXvDlt
4uIVNeogOUtpBa,4uIVNeogOUtpBa
fvtUIp2LSkS2VL,fvtUIp2LSkS2VL
9vMeJyTjFVs0Fw,9vMeJyTjFVs0Fw
rmmqUkg69oft8U,rmmqUkg69oft8U
GRUER2LsGu1l0R,GRUER2LsGu1l0R
rL3wVGYEzL7RgS,rL3wVGYEzL7RgS
cYAYQVti3Zu9xv,cYAYQVti3Zu9xv
F8MXPSvk0lU88H,F8MXPSvk0lU88H
9Tctp2cqFISifP,9Tctp2cqFISifP
QrtnObDugjQotG,QrtnObDugjQotG
BJuBMKGR8QS1M5,BJuBMKGR8QS1M5
twtuDYNYMR8vaS,twtuDYNYMR8vaS
5PXIGHspG5NTrX,5PXIGHspG5NTrX
F5v6SHlPOIbvkb,F5v6SHlPOIbvkb
bhMgk9btiQfTPX,bhMgk9btiQfTPX
3yMOclXOCBnsTo,3yMOclXOCBnsTo
n6rb3mJuawOlIY,n6rb3mJuawOlIY
w2wj0QbyHrv2OT,w2wj0QbyHrv2OT
haphQ3xCZusb7z,haphQ3xCZusb7z
pC3I7RLXhbJoRZ,pC3I7RLXhbJoRZ
g55gMHojIhtVTy,g55gMHojIhtVTy
SpqGkh10c9YOTs,SpqGkh10c9YOTs
Jc97VBZk3YrkX8,Jc97VBZk3YrkX8
mPl7VJSYkkc2Pi,mPl7VJSYkkc2Pi
W9UVZYGxnRhtHq,W9UVZYGxnRhtHq
IJ8D3xQkP0so3q,IJ8D3xQkP0so3q
ypekT8qCZVqef8,ypekT8qCZVqef8
mvtVsPG2qZLIkN,mvtVsPG2qZLIkN
cEMnJOgCTtjD3L,cEMnJOgCTtjD3L
azVuF46Rv2QHMj,azVuF46Rv2QHMj
mB5T2LDwoMnizf,mB5T2LDwoMnizf
FZgh5OP4SI0ouV,FZgh5OP4SI0ouV
WBi9sh06pyb0BF,WBi9sh06pyb0BF
Js55PzXp2YRtjJ,Js55PzXp2YRtjJ
PElsrfD9vlbE3s,PElsrfD9vlbE3s
H3uVX71jiuyA7g,H3uVX71jiuyA7g
EyzoZCLDK3cp9f,EyzoZCLDK3cp9f
r2PXFpe6U20wxq,r2PXFpe6U20wxq
e5X7gPUUWSlBAu,e5X7gPUUWSlBAu
SfYJ4MtEabmEki,SfYJ4MtEabmEki
RaGyqPZxBpwwcy,RaGyqPZxBpwwcy
vFUPpwuIypRNH7,vFUPpwuIypRNH7
TMas0pYSA85pIy,TMas0pYSA85pIy
6RYDNDXq2mi7mv,6RYDNDXq2mi7mv
OwbNu2ekpaQZT8,OwbNu2ekpaQZT8
HqFX0oc8EurnCu,HqFX0oc8EurnCu
GTXC5kcIhEi9KG,GTXC5kcIhEi9KG
GK0NlWiE0rc3C2,GK0NlWiE0rc3C2
5pVZbPwsPLvnNL,5pVZbPwsPLvnNL
jxh3QZ0IWR2Q7p,jxh3QZ0IWR2Q7p
LwNwRlC4jrVLfy,LwNwRlC4jrVLfy
HgWHtEFtflOa26,HgWHtEFtflOa26
un24DzEVbfaVyF,un24DzEVbfaVyF
Dc3gHyBcGHtXq7,Dc3gHyBcGHtXq7
QBECpGzjZHWHj8,QBECpGzjZHWHj8
kL8k2Uy7v77fsO,kL8k2Uy7v77fsO
MQEqBifkIzfqj1,MQEqBifkIzfqj1
gEYsOIIk5SRUlS,gEYsOIIk5SRUlS
WBihm4ZOcQvmJz,WBihm4ZOcQvmJz
syoA45ryPcmewT,syoA45ryPcmewT
OS5ufkcPJMrx45,OS5ufkcPJMrx45
oVeV2HZAymSB6e,oVeV2HZAymSB6e
4DTt1n9ALL1Ix0,4DTt1n9ALL1Ix0
59kYpcKYfEHU4n,59kYpcKYfEHU4n
D3EEOVcynoP4MV,D3EEOVcynoP4MV
2UsHbo56rR0X9r,2UsHbo56rR0X9r
2461XGhkmzTnSL,2461XGhkmzTnSL
9aTNejeLUFGkeZ,9aTNejeLUFGkeZ
ayhMqGtlA6aWRZ,ayhMqGtlA6aWRZ
szq5CNwQcNeLt0,szq5CNwQcNeLt0
u4lD40yyq9OrwJ,u4lD40yyq9OrwJ
GBxjq4NGvtpZNB,GBxjq4NGvtpZNB
xle1GER938Nyg2,xle1GER938Nyg2
RmIuQilC6rMpw5,RmIuQilC6rMpw5
tj48SVNO0E05Ht,tj48SVNO0E05Ht
lAk51o4a46ODfN,lAk51o4a46ODfN
pKKhPHfnf7wo7z,pKKhPHfnf7wo7z
vCV9EQOzOL7199,vCV9EQOzOL7199
p3Ns54tfcYCKYR,p3Ns54tfcYCKYR
bvCfbbOf1Em6C6,bvCfbbOf1Em6C6
U2xF4Dk8TyQjn0,U2xF4Dk8TyQjn0
2LYbbBM1rY2bDC,2LYbbBM1rY2bDC
QUnXOqTREHXn5h,QUnXOqTREHXn5h
9sKWmm1EVeTW6J,9sKWmm1EVeTW6J
4Rewi4scCIsvLa,4Rewi4scCIsvLa
VymGwoPef6buql,VymGwoPef6buql
QEJDuiDyuSzAfU,QEJDuiDyuSzAfU
zUV3I6GNxbnWKc,zUV3I6GNxbnWKc
6b6zFMFMYHc0fp,6b6zFMFMYHc0fp
AJGMCAlZGALD0G,AJGMCAlZGALD0G
5RDH3sIX3TUHRr,5RDH3sIX3TUHRr
1MKXN12FwyTJ9s,1MKXN12FwyTJ9s
Vqg5AxLs0mzsA0,Vqg5AxLs0mzsA0
h8PRRA9vJLTc35,h8PRRA9vJLTc35
mtAEZRkgDoqi4P,mtAEZRkgDoqi4P
MSnyN9mfw85ARX,MSnyN9mfw85ARX
qBFbobn1bAUGc8,qBFbobn1bAUGc8
eHReeeyKN0Aw2u,eHReeeyKN0Aw2u
eIWGAzSo5Ipv4P,eIWGAzSo5Ipv4P
f9yjqC8ZN8r4GF,f9yjqC8ZN8r4GF
8Gn59fmgxcbsqG,8Gn59fmgxcbsqG
U4LpkSJAcmvKvJ,U4LpkSJAcmvKvJ
sBc5B4POi9vPix,sBc5B4POi9vPix
KDjbvzy6xSGheR,KDjbvzy6xSGheR
Kz2bVsvCn3oGtz,Kz2bVsvCn3oGtz
qnKm9ZgjwNvYVz,qnKm9ZgjwNvYVz
MYU0IYjmTyplPT,MYU0IYjmTyplPT
pfMzh2Nl6gQrMR,pfMzh2Nl6gQrMR
36YCkjYEAnvQ6u,36YCkjYEAnvQ6u
TkWK3z35zpOvoj,TkWK3z35zpOvoj
uWvAyc1SuqHkWb,uWvAyc1SuqHkWb
wxebhXFc3kPTTx,wxebhXFc3kPTTx
lwEi9YHaChCqC3,lwEi9YHaChCqC3
GbILapQy9KMUCg,GbILapQy9KMUCg
mbGD9Vv877SBrj,mbGD9Vv877SBrj
6VNeQooFFFgIDu,6VNeQooFFFgIDu
qkRSBC9Qky7B0M,qkRSBC9Qky7B0M
1Qz5WiVt2KMlXZ,1Qz5WiVt2KMlXZ
bFripguzSDL1DW,bFripguzSDL1DW
4BoUSay4BfbRaB,4BoUSay4BfbRaB
bkflfLYUqHlMDv,bkflfLYUqHlMDv
1Iq4pAaVvwTIB4,1Iq4pAaVvwTIB4
3AHGlfIyeIBxGk,3AHGlfIyeIBxGk
HRAputuUhnLYVf,HRAputuUhnLYVf
uCt4Yzr1mCw4kF,uCt4Yzr1mCw4kF
TqSP8fR415QRJ0,TqSP8fR415QRJ0
7wijYHbJPPcYJ2,7wijYHbJPPcYJ2
JEpQfsUD2izzFA,JEpQfsUD2izzFA
FykzcAyKNJD7Ko,FykzcAyKNJD7Ko
CVM6jWMoBTU4ai,CVM6jWMoBTU4ai
WWuOBhCApWDQNa,WWuOBhCApWDQNa
TcxjzF5vZy8Yx0,TcxjzF5vZy8Yx0
Jqnsiw4Ibe8whU,Jqnsiw4Ibe8whU
UwC6UinDUXeDo3,UwC6UinDUXeDo3
0xEvLyTompH1hi,0xEvLyTompH1hi
CCIhrqnGfKfcXl,CCIhrqnGfKfcXl
4oCEbAHf3NcD7Y,4oCEbAHf3NcD7Y
NOZyfnZj6FvQig,NOZyfnZj6FvQig
1v2NDooRnV3kOo,1v2NDooRnV3kOo
KoKT4SUFRMWVse,KoKT4SUFRMWVse
sZbs23QKczJ8Me,sZbs23QKczJ8Me
DV2z6U2E77bPEL,DV2z6U2E77bPEL
tGtq5qcI08k5Xl,tGtq5qcI08k5Xl
GeGSHa5ZUDCuVR,GeGSHa5ZUDCuVR
1ryJKYfLQOoakz,1ryJKYfLQOoakz
lOFNYpsFflGarV,lOFNYpsFflGarV
4t3zCqg6eGw8Ww,4t3zCqg6eGw8Ww
BSCQ2xFmAlsrUI,BSCQ2xFmAlsrUI
Q5pSj5IqzNv2Vl,Q5pSj5IqzNv2Vl
N4ocYnL6cBvFNa,N4ocYnL6cBvFNa
4YzRiHzk6touM6,4YzRiHzk6touM6
CVeFrsfyp08paY,CVeFrsfyp08paY
MChnfhgOb4oR8n,MChnfhgOb4oR8n
w3q5VtjDZpeqKt,w3q5VtjDZpeqKt
emeTTeBBPXiY89,emeTTeBBPXiY89
9yuwqKLyY9StLg,9yuwqKLyY9StLg
JBoUpspHBX06WE,JBoUpspHBX06WE
PExeHcexcpVq3J,PExeHcexcpVq3J
lFbCLfK5LIiXza,lFbCLfK5LIiXza
0vPPmBpEGG9Acf,0vPPmBpEGG9Acf
FsTIQNeLss8Osh,FsTIQNeLss8Osh
K7XNz9mQPPQ9Ys,K7XNz9mQPPQ9Ys
TZSwEQK35Q0sHt,TZSwEQK35Q0sHt
MrJyvbz4iVwjcr,MrJyvbz4iVwjcr
LlaxgM0MpNUAaM,LlaxgM0MpNUAaM
tfQxx5IL4wnMRN,tfQxx5IL4wnMRN
m5UKqR4ooSFajO,m5UKqR4ooSFajO
lolzlLvuC9GX3y,lolzlLvuC9GX3y
C0ooCNoM9s3rkU,C0ooCNoM9s3rkU
hmg57zOIAcnTMG,hmg57zOIAcnTMG
1EcC0Jtgwxecm4,1EcC0Jtgwxecm4
NDwztp0M8RVggZ,NDwztp0M8RVggZ
QmNKXHMKpB7NSK,QmNKXHMKpB7NSK
J0JvUlEGZJUL3e,J0JvUlEGZJUL3e
VBVxM2h2wYBE4I,VBVxM2h2wYBE4I
rqqTnYWeeGjOSu,rqqTnYWeeGjOSu
tJZSyR7AfZJfcT,tJZSyR7AfZJfcT
iIb688FS1TPNtx,iIb688FS1TPNtx
0I6G2GGQ47bqLN,0I6G2GGQ47bqLN
FmAvIM3lzHZXB6,FmAvIM3lzHZXB6
VDBqOLUlKNYMr9,VDBqOLUlKNYMr9
63hlfXXQnVSrxq,63hlfXXQnVSrxq
qOs8pMprVauJaX,qOs8pMprVauJaX
BOFB1lZJx7yEjC,BOFB1lZJx7yEjC
kGzCtZ2lqBDPsV,kGzCtZ2lqBDPsV
GNwWQ1pvLAPyUl,GNwWQ1pvLAPyUl
NfLscyPEPZ9IBs,NfLscyPEPZ9IBs
a3AJon9W4kGj7B,a3AJon9W4kGj7B
bRYhtYYb5HWccf,bRYhtYYb5HWccf
14xWqsiNEEcjxr,14xWqsiNEEcjxr
M5ghzF1kJDrC8L,M5ghzF1kJDrC8L
KLtwz0GJCzlPvh,KLtwz0GJCzlPvh
foEJF0gVU9roKk,foEJF0gVU9roKk
WjtEYN3fmq7BeK,WjtEYN3fmq7BeK
8qoZNVaE9ogSkl,8qoZNVaE9ogSkl
C3KVm106IY2hU6,C3KVm106IY2hU6
SY3HjJQogDVN16,SY3HjJQogDVN16
vQyk5UU6kXe902,vQyk5UU6kXe902
cap95DOUg33p1j,cap95DOUg33p1j
zFngE8DmeagSwY,zFngE8DmeagSwY
fJ90XTWa79ykv8,fJ90XTWa79ykv8
eHQpQCJxcHMsz2,eHQpQCJxcHMsz2
4femArL4aSFSRA,4femArL4aSFSRA
CLhBHQDecRrxwF,CLhBHQDecRrxwF
20WhIK6HANrnwU,20WhIK6HANrnwU
Jl6IEqwr5SicNt,Jl6IEqwr5SicNt
RtKFUi3g5Yg5Oj,RtKFUi3g5Yg5Oj
A5kkUt6CioM6sX,A5kkUt6CioM6sX
B7iG70BnwVAFoX,B7iG70BnwVAFoX
B6AFfj8r7sEriY,B6AFfj8r7sEriY
rqukFhnmJBluOZ,rqukFhnmJBluOZ
7SNETIDUf9CUPG,7SNETIDUf9CUPG
8zxhmySXLUeS7q,8zxhmySXLUeS7q
mXIHLBsMhAh9rq,mXIHLBsMhAh9rq
mvSw08UD4rF5KN,mvSw08UD4rF5KN
ghcV66GJ9iQG28,ghcV66GJ9iQG28
exnwCy3t8sD2XV,exnwCy3t8sD2XV
NMjEzyWfWUtiZI,NMjEzyWfWUtiZI
3IYc6nuOyUOB84,3IYc6nuOyUOB84
BgFkXiPV2Pvqpw,BgFkXiPV2Pvqpw
B7YU3zjeMzm51r,B7YU3zjeMzm51r
6MPrwhJFpipwkp,6MPrwhJFpipwkp
KNLBMsLJlBnASM,KNLBMsLJlBnASM
mm5LvZUaL8XShT,mm5LvZUaL8XShT
mgWxsBJw6EPaQm,mgWxsBJw6EPaQm
6PJqmPVwbtTbOR,6PJqmPVwbtTbOR
HZDSDZvq8Z6Gbq,HZDSDZvq8Z6Gbq
bn5pYDszNSwnqM,bn5pYDszNSwnqM
MoK861WUFaUiqb,MoK861WUFaUiqb
0wRTym7eMTtl5n,0wRTym7eMTtl5n
pPDJ3kHW08tujM,pPDJ3kHW08tujM
enZTknEV2PYgM5,enZTknEV2PYgM5
PY08fc7P8coCcZ,PY08fc7P8coCcZ
2n4zwpZgii4gc4,2n4zwpZgii4gc4
5TYnpplCjaXbN5,5TYnpplCjaXbN5
xFOlrreb1W2PJt,xFOlrreb1W2PJt
ibpYCYy4Ehq5OL,ibpYCYy4Ehq5OL
B8m281EoF6wbQ5,B8m281EoF6wbQ5
FC41HfKV3ubsAF,FC41HfKV3ubsAF
hjNvO8DkBH2hEp,hjNvO8DkBH2hEp
a2J4QftSUCoHjC,a2J4QftSUCoHjC
4UgbH3HiIb4OsF,4UgbH3HiIb4OsF
ZOnXQ2qhKWOH8f,ZOnXQ2qhKWOH8f
VOzcDxrGtyQPPQ,VOzcDxrGtyQPPQ
N84UlLfTUC70AI,N84UlLfTUC70AI
8igD1wkCpP8uH9,8igD1wkCpP8uH9
u6aVA2RwQiB7TH,u6aVA2RwQiB7TH
NEFbyslHs42x67,NEFbyslHs42x67
UkHjHOuuhxP9Nc,UkHjHOuuhxP9Nc
jhyIJOwp3AxLXH,jhyIJOwp3AxLXH
lp8UW9itGysq1M,lp8UW9itGysq1M
GbW1SUYuOkEs2T,GbW1SUYuOkEs2T
V1v7mzBSysMREF,V1v7mzBSysMREF
E4JLROtVV0cKPO,E4JLROtVV0cKPO
WJybMnGMJiFBCA,WJybMnGMJiFBCA
RUUGZXFlXh7AC9,RUUGZXFlXh7AC9
UsoR5hCFJe9nA4,UsoR5hCFJe9nA4
1Rr3ypoRGbsmLE,1Rr3ypoRGbsmLE
9Oy6wiyCVtyQO4,9Oy6wiyCVtyQO4
Yl6NktXUQPoBlT,Yl6NktXUQPoBlT
VIKVqBA8rjrqIn,VIKVqBA8rjrqIn
gyn4Oiq3N7HWfv,gyn4Oiq3N7HWfv
M2lNpOABK3MKXM,M2lNpOABK3MKXM
AfyQXeQJD9VOqi,AfyQXeQJD9VOqi
BLls1PgqYLqI6I,BLls1PgqYLqI6I
QCc9NQGwoib6sH,QCc9NQGwoib6sH
O7pfzyZcwybEXe,O7pfzyZcwybEXe
j2WO5Ncz6O7j1x,j2WO5Ncz6O7j1x
G8vrVb3v9aZpnV,G8vrVb3v9aZpnV
bunWmAQz4c1rxl,bunWmAQz4c1rxl
Jrt7nY4o7vqaQs,Jrt7nY4o7vqaQs
fq4P1MsfM8arS2,fq4P1MsfM8arS2
DR1DGcBFvlIl2I,DR1DGcBFvlIl2I
sX2scPukCxLbvC,sX2scPukCxLbvC
Nf6tF9ZvqYfrWy,Nf6tF9ZvqYfrWy
2ulzVX6uuQAKHC,2ulzVX6uuQAKHC
g3h5leSDujqYL1,g3h5leSDujqYL1
i3S5QDOOyAVma9,i3S5QDOOyAVma9
kumHuU7wC55SnU,kumHuU7wC55SnU
EXQEKqmGvNNk9T,EXQEKqmGvNNk9T
1m9nAIJDK1FQJc,1m9nAIJDK1FQJc
peSOZLJL9NDpT5,peSOZLJL9NDpT5
8OjtFeYXqTpMnD,8OjtFeYXqTpMnD
pHnCeaVG0A18oS,pHnCeaVG0A18oS
6xAsfgs3Se7q2Z,6xAsfgs3Se7q2Z
97zarktjwoCQbO,97zarktjwoCQbO
X0uyLG8keeP4nz,X0uyLG8keeP4nz
fX042p4gJjbxE9,fX042p4gJjbxE9
CKGR1nK5sEtJrx,CKGR1nK5sEtJrx
S6g3wkbWc6M9m3,S6g3wkbWc6M9m3
bRUjSI5cpcnqV1,bRUjSI5cpcnqV1
WGfGBZox7OAGbh,WGfGBZox7OAGbh
rsTfWD1qunbD2g,rsTfWD1qunbD2g
9ZyRluMrISW7BC,9ZyRluMrISW7BC
YJrY8xDHIqxVX4,YJrY8xDHIqxVX4
a3F4nqjXRQZ92j,a3F4nqjXRQZ92j
L87RpXtkaKJrhh,L87RpXtkaKJrhh
XEkmzDjFW0Bthu,XEkmzDjFW0Bthu
47XWZyTmJnlNA6,47XWZyTmJnlNA6
bNjHC7V1FguMOj,bNjHC7V1FguMOj
CK1wA3jlg2zCyD,CK1wA3jlg2zCyD
Aol3ffyxa2eksC,Aol3ffyxa2eksC
nnVr1qUJ0axnFc,nnVr1qUJ0axnFc
Bph2StMJKsTt1O,Bph2StMJKsTt1O
3HzmHwSajl9qXj,3HzmHwSajl9qXj
7eiJIcqMTMou05,7eiJIcqMTMou05
9Q9R24aQkvEwjN,9Q9R24aQkvEwjN
r9WTSHMgIQsyj8,r9WTSHMgIQsyj8
MY9Qy38cQcu0x6,MY9Qy38cQcu0x6
TPVENwXK9M0Gry,TPVENwXK9M0Gry
3MGQZWpgPrbPux,3MGQZWpgPrbPux
yLPZ0ChbmuWBhN,yLPZ0ChbmuWBhN
LhobIt9NQjqZTP,LhobIt9NQjqZTP
4YbIChg1vMw0oV,4YbIChg1vMw0oV
6gI0qvs3jRXvmg,6gI0qvs3jRXvmg
9XcDL69RmivGFG,9XcDL69RmivGFG
sEiQDm4UNyM9WJ,sEiQDm4UNyM9WJ
ippeCXkLUQiGnQ,ippeCXkLUQiGnQ
Q3c5Qwvwzvw0lA,Q3c5Qwvwzvw0lA
BFeIJbNlYQNcyn,BFeIJbNlYQNcyn
wN7buhuBwUAIIx,wN7buhuBwUAIIx
0vFUyKmUTYrohP,0vFUyKmUTYrohP
wICaHnYUEO7nHB,wICaHnYUEO7nHB
Hbx6Fig0OGSDJj,Hbx6Fig0OGSDJj
1qHxZOlNkUr35Z,1qHxZOlNkUr35Z
3L0E0l4ScN7Ufo,3L0E0l4ScN7Ufo
iOUv67JtEFOKcO,iOUv67JtEFOKcO
4ghxSi1LLV1Qmb,4ghxSi1LLV1Qmb
YVXWjsY3ArTADe,YVXWjsY3ArTADe
PnHtkVpZAsoG0o,PnHtkVpZAsoG0o
8Z6OMCuCqF1ugo,8Z6OMCuCqF1ugo
tr2rTsincAT1zI,tr2rTsincAT1zI
qtGm9c0QxJ4mNR,qtGm9c0QxJ4mNR
r1uTTUOS9RIH5W,r1uTTUOS9RIH5W
OarGsigJZNi7aK,OarGsigJZNi7aK
uTjZRmfOxgjGev,uTjZRmfOxgjGev
qVLbKLEul8NZZ1,qVLbKLEul8NZZ1
VrRHxyWcIVXEJ8,VrRHxyWcIVXEJ8
cD9LByQKZYt0aZ,cD9LByQKZYt0aZ
zmE3RnpYwEKOuR,zmE3RnpYwEKOuR
DCNXopghIkbAKA,DCNXopghIkbAKA
TMKyViW448yKEF,TMKyViW448yKEF
VtuOZyzYVxXFa0,VtuOZyzYVxXFa0
ozeNvvTtIjza7F,ozeNvvTtIjza7F
05YuiSygzxlAyc,05YuiSygzxlAyc
9tuo97E1F7XpmZ,9tuo97E1F7XpmZ
XHe9xqGmMiEwSr,XHe9xqGmMiEwSr
pVlaoFl1VRkpnD,pVlaoFl1VRkpnD
1wk2DE3uNI1kFf,1wk2DE3uNI1kFf
wLlrlt9GAfQvgH,wLlrlt9GAfQvgH
cLH84paLQNeMVk,cLH84paLQNeMVk
XAvqqtxFGcIWaJ,XAvqqtxFGcIWaJ
QQmKux9HjyFrfN,QQmKux9HjyFrfN
3SKNVToLr2rDae,3SKNVToLr2rDae
3mRaStHrA5D8fH,3mRaStHrA5D8fH
TL2igg56trqELF,TL2igg56trqELF
n9mIXyyuzzaSP5,n9mIXyyuzzaSP5
uisFDLXQ3K3rTZ,uisFDLXQ3K3rTZ
GoGxlPg6N8y7Xo,GoGxlPg6N8y7Xo
xBb1oZhNbPvPMs,xBb1oZhNbPvPMs
MQY3y6gGfenWAT,MQY3y6gGfenWAT
OGkKAxGwgv2rfc,OGkKAxGwgv2rfc
b1YvbIgbw7IPWM,b1YvbIgbw7IPWM
jPjKeYJBNYwoSh,jPjKeYJBNYwoSh
G1rVT9hI4paF7i,G1rVT9hI4paF7i
ioHnR0v2tLhKzD,ioHnR0v2tLhKzD
6sDb88n3PgYG8T,6sDb88n3PgYG8T
WJR8aBsPtPZ55m,WJR8aBsPtPZ55m
0KV2n9yOkUzsHW,0KV2n9yOkUzsHW
j6vqUAS0a5qrPC,j6vqUAS0a5qrPC
OZIouOGMBqqyPU,OZIouOGMBqqyPU
0ggktffKTDJgQ2,0ggktffKTDJgQ2
hgZYDAkVvZMMkg,hgZYDAkVvZMMkg
Mc7O0nB34WN7vV,Mc7O0nB34WN7vV
vKeM3xMR2Z16sg,vKeM3xMR2Z16sg
2ceBQ57MfZfA0r,2ceBQ57MfZfA0r
BO0rOPpV3fCXK8,BO0rOPpV3fCXK8
VRwy2QGr8ZKFj3,VRwy2QGr8ZKFj3
QVU7YWKkEfGiXo,QVU7YWKkEfGiXo
nssr89CPEbjXNf,nssr89CPEbjXNf
K2073F30ETo1gL,K2073F30ETo1gL
hhkL1XQlaKVJ65,hhkL1XQlaKVJ65
y4m3tP0CIGeSgr,y4m3tP0CIGeSgr
Lqs1miii4J9x6t,Lqs1miii4J9x6t
ZRseetRsHYMJEZ,ZRseetRsHYMJEZ
5ecIItWKBkmIE8,5ecIItWKBkmIE8
txrTJzmNDBxV3K,txrTJzmNDBxV3K
D2CvBxnYAemWXk,D2CvBxnYAemWXk
Wo1wfRccOQeRgE,Wo1wfRccOQeRgE
2X9JxIaxZewYFE,2X9JxIaxZewYFE
JojsPjtPmVBKCa,JojsPjtPmVBKCa
Hhpvyy88DVW4mK,Hhpvyy88DVW4mK
UZSEtLK0yHIMcL,UZSEtLK0yHIMcL
cckw5VjL7RDNrj,cckw5VjL7RDNrj
Sq6ul7SYBxaIEI,Sq6ul7SYBxaIEI
ys6sZlqbNwqosF,ys6sZlqbNwqosF
T8hnqFK2FBBqIw,T8hnqFK2FBBqIw
3kBQNBPqtwR0q4,3kBQNBPqtwR0q4
p3xsGqCuq69wKN,p3xsGqCuq69wKN
MM3Ffc2JwIbAlY,MM3Ffc2JwIbAlY
jf8VGPtDmGLe9v,jf8VGPtDmGLe9v
hvKUH6CKnc1gY7,hvKUH6CKnc1gY7
BcD1EMkVDhtBNC,BcD1EMkVDhtBNC
xuK49FSxF5DyCc,xuK49FSxF5DyCc
1v5HHHqqojiEW7,1v5HHHqqojiEW7
2hcJ84acExx1Ka,2hcJ84acExx1Ka
gewfiDhKTBriOB,gewfiDhKTBriOB
HKq0L8JS9ETaob,HKq0L8JS9ETaob
kmHSkXpCvrQRjY,kmHSkXpCvrQRjY
76wp2UPrTO26H9,76wp2UPrTO26H9
ZaA7iPMReiOXjP,ZaA7iPMReiOXjP
hN6NcvUgK68WUe,hN6NcvUgK68WUe
3ROPqh4HRboIck,3ROPqh4HRboIck
w7VB1sZEhhpNH9,w7VB1sZEhhpNH9
WXVpu35PuLrUsU,WXVpu35PuLrUsU
fr8CaIovqpx61y,fr8CaIovqpx61y
xl8aqF1RR3GnHx,xl8aqF1RR3GnHx
3JBCUnnKHHMQJC,3JBCUnnKHHMQJC
5P0Gewne2u6pLp,5P0Gewne2u6pLp
cYyVcBNzSNUVGH,cYyVcBNzSNUVGH
LlLWsWt06QrafI,LlLWsWt06QrafI
sjeuTS47hQaSG1,sjeuTS47hQaSG1
tYfel1KgmVD7fT,tYfel1KgmVD7fT
qie3GvWFYEsnXD,qie3GvWFYEsnXD
NxqolTiSVtrri5,NxqolTiSVtrri5
JoHOS4BgTpH41w,JoHOS4BgTpH41w
4nL52rm0UXw9ps,4nL52rm0UXw9ps
R47P1r017KvHEL,R47P1r017KvHEL
PmuvVo2rsmxZEu,PmuvVo2rsmxZEu
QT2Q8kiqNzTitf,QT2Q8kiqNzTitf
JsqOTfk8gLDHVn,JsqOTfk8gLDHVn
QX9FZivODmXFD9,QX9FZivODmXFD9
IQHaAwrTuzgnbt,IQHaAwrTuzgnbt
koxl9JM9306y6M,koxl9JM9306y6M
sAqXt0RqbI6pKn,sAqXt0RqbI6pKn
CDuF7HkxMvHicS,CDuF7HkxMvHicS
iLqOHcIB0iytco,iLqOHcIB0iytco
gnb59Juf2Eq9HN,gnb59Juf2Eq9HN
watLzyCxqmhfvS,watLzyCxqmhfvS
JWCDgN8JeFsfFH,JWCDgN8JeFsfFH
tYSFKFPT79SOUi,tYSFKFPT79SOUi
j8V8TufbQh1cTh,j8V8TufbQh1cTh
2DhcBvVxnGyGnO,2DhcBvVxnGyGnO
F1OJ7VvZuaNqhk,F1OJ7VvZuaNqhk
ugRhk3MG9JHZLV,ugRhk3MG9JHZLV
WlQpMTj2YGYonh,WlQpMTj2YGYonh
GtQIihynH4vrJw,GtQIihynH4vrJw
w1Xo64otRwURkb,w1Xo64otRwURkb
BDyuoEjoEEEED4,BDyuoEjoEEEED4
VeE5Cu91Wk9heI,VeE5Cu91Wk9heI
ER034hqirbVsm8,ER034hqirbVsm8
otDptjbXFNRNVH,otDptjbXFNRNVH
aDnvISchcPuqsi,aDnvISchcPuqsi
nlHwRwRs6hGwwa,nlHwRwRs6hGwwa
H4owI25N2BmEC0,H4owI25N2BmEC0
ntmSkmeHjqsFWK,ntmSkmeHjqsFWK
azioPgULDrGlGY,azioPgULDrGlGY
DliHVEPHS0PS9w,DliHVEPHS0PS9w
2KDwcf9MyU7GXD,2KDwcf9MyU7GXD
6YSpMgZzRuMQUP,6YSpMgZzRuMQUP
WrCjvivJjZeA5y,WrCjvivJjZeA5y
ghwqWApoDmTfJK,ghwqWApoDmTfJK
nLVZ8LTbYGAO6T,nLVZ8LTbYGAO6T
8lsjsesUwSnOii,8lsjsesUwSnOii
2r9NOPWxwVf2EP,2r9NOPWxwVf2EP
ntmBlSKeCnhBmp,ntmBlSKeCnhBmp
1jve77Alf0ZnyD,1jve77Alf0ZnyD
TjmDhrpLhm4D3o,TjmDhrpLhm4D3o
KjL6VgQh8RcxUW,KjL6VgQh8RcxUW
SHPTvocjPTPDqC,SHPTvocjPTPDqC
NbghMPQ35gnqII,NbghMPQ35gnqII
zZ4MBcMeYGlDgY,zZ4MBcMeYGlDgY
iKhEljPxuJCeiQ,iKhEljPxuJCeiQ
mp7ZUrOZPRAqkz,mp7ZUrOZPRAqkz
EME30lWlz8NuEg,EME30lWlz8NuEg
SV4lInNZ67EmB8,SV4lInNZ67EmB8
uhp1bgEFJElRSL,uhp1bgEFJElRSL
zzKOEBS8wjhfjr,zzKOEBS8wjhfjr
zhNr6vCFTJv09f,zhNr6vCFTJv09f
winW98h4Xc7B68,winW98h4Xc7B68
BkAsXn5UjeUWeQ,BkAsXn5UjeUWeQ
VwScWzrfCowOTi,VwScWzrfCowOTi
1JYy1iBSTbORTL,1JYy1iBSTbORTL
jWI5YxloAcT6MZ,jWI5YxloAcT6MZ
QxUtChMpLyXzHV,QxUtChMpLyXzHV
HZeXk4nvC1o3JS,HZeXk4nvC1o3JS
BtL2vuDJ7c0M39,BtL2vuDJ7c0M39
F6CuEk3fKY5tvU,F6CuEk3fKY5tvU
z9ZMq1BtTQIvtK,z9ZMq1BtTQIvtK
aoKu1qtOEuklzz,aoKu1qtOEuklzz
XrjflmKXMr5jPa,XrjflmKXMr5jPa
ICgj8pjBaqnati,ICgj8pjBaqnati
NprHFXYVxJNmZf,NprHFXYVxJNmZf
OvlhkKxjC9EBx5,OvlhkKxjC9EBx5
PzbO019LJOW5UE,PzbO019LJOW5UE
TNX0jT66FnhMlo,TNX0jT66FnhMlo
vKI3bTIFRVWkN7,vKI3bTIFRVWkN7
AQswzNDswpwol6,AQswzNDswpwol6
IyDhHRNggifInP,IyDhHRNggifInP
7iuF4ZxmYET5lG,7iuF4ZxmYET5lG
A4gqeKr6MtRN5U,A4gqeKr6MtRN5U
smVHPvq7UBiqeI,smVHPvq7UBiqeI
iDwpXvBKP3Gw26,iDwpXvBKP3Gw26
P2aK1ExOs4BEvh,P2aK1ExOs4BEvh
gj6H4uvEph6Ovs,gj6H4uvEph6Ovs
R4YBkrMhWJnsLy,R4YBkrMhWJnsLy
kKLjEzDxOgJWn6,kKLjEzDxOgJWn6
lmMtDB13Sr1iJF,lmMtDB13Sr1iJF
tA9El0bUehzqDA,tA9El0bUehzqDA
9DTwkBS63AsguQ,9DTwkBS63AsguQ
1bWLk7xr9PPV4L,1bWLk7xr9PPV4L
rAaTM2oxbERZw8,rAaTM2oxbERZw8
8K5NsZRBJkRgiz,8K5NsZRBJkRgiz
19rKrmBIKXgjB9,19rKrmBIKXgjB9
pjZmeZAkES7De7,pjZmeZAkES7De7
1wGbEBIzoHCPYT,1wGbEBIzoHCPYT
hVpyD8ExuOUf0t,hVpyD8ExuOUf0t
SwfjrPSfllzhgv,SwfjrPSfllzhgv
bSMJMDK0gpjBms,bSMJMDK0gpjBms
jefSilb6VwlXO5,jefSilb6VwlXO5
8S1wv5VV9kDPcJ,8S1wv5VV9kDPcJ
tNMYxlqYACtOxl,tNMYxlqYACtOxl
v2ew4JnAtfAlBr,v2ew4JnAtfAlBr
KOENwqjhTuDUJO,KOENwqjhTuDUJO
T6g1ERXJxVTS7E,T6g1ERXJxVTS7E
lJm8uMWG6DRULY,lJm8uMWG6DRULY
9hwDp4oBmyKYrg,9hwDp4oBmyKYrg
WXPv0GNk2s96HO,WXPv0GNk2s96HO
B2CboINsayrFKH,B2CboINsayrFKH
6AoFeQaAJAGrnl,6AoFeQaAJAGrnl
qaS8O0MH4Ui4J1,qaS8O0MH4Ui4J1
1XQcObjxGv1TI5,1XQcObjxGv1TI5
6mKoe50NTEpT8o,6mKoe50NTEpT8o
cmE7BtS93rmwKa,cmE7BtS93rmwKa
QyQcCWmWipXRs0,QyQcCWmWipXRs0
FhmKDChAzTFiSQ,FhmKDChAzTFiSQ
XtV6oFSzgFbLLz,XtV6oFSzgFbLLz
9QcBEi1sjBtF6I,9QcBEi1sjBtF6I
YDCpKmNBQKjqBG,YDCpKmNBQKjqBG
EDqUE7vFPTwlP8,EDqUE7vFPTwlP8
aZZoYC5p3SGV05,aZZoYC5p3SGV05
TveuQnNbqIhWA6,TveuQnNbqIhWA6
pllZlw3DFyUbnP,pllZlw3DFyUbnP
sXqbCos2EoUGkh,sXqbCos2EoUGkh
lwoN8UJGcEFG9C,lwoN8UJGcEFG9C
3K3e6Uet1B3oQX,3K3e6Uet1B3oQX
FiTFlJ5hVb2jIe,FiTFlJ5hVb2jIe
1KOaxTIWr6yW5N,1KOaxTIWr6yW5N
N2BHt9E6TIGJLP,N2BHt9E6TIGJLP
3uGBn9a3QpibGI,3uGBn9a3QpibGI
Fx5qNQ7uXuBZNg,Fx5qNQ7uXuBZNg
q6fXC7pmCsFUWH,q6fXC7pmCsFUWH
tIETPJ8YZC0mUy,tIETPJ8YZC0mUy
y2OOxJ8vXVhmfW,y2OOxJ8vXVhmfW
QCQycB0kKmGkMf,QCQycB0kKmGkMf
YanQJliQSnFV68,YanQJliQSnFV68
svNKX2LiYlIU6B,svNKX2LiYlIU6B
gfxlFuIljaZ2Il,gfxlFuIljaZ2Il
LIUnlAXheOehNg,LIUnlAXheOehNg
uSVO7gePyk27Mi,uSVO7gePyk27Mi
63JbXlG4PTYfTH,63JbXlG4PTYfTH
ViK8xI25Mm0Vr4,ViK8xI25Mm0Vr4
P2CbzBDZWOYeY4,P2CbzBDZWOYeY4
VXgmVUEtnR3jDN,VXgmVUEtnR3jDN
AvNgmgSn9Ps8GI,AvNgmgSn9Ps8GI
qUWvW6uhPLnHQ8,qUWvW6uhPLnHQ8
Fwc6IbwJTWL8Qv,Fwc6IbwJTWL8Qv
lXrFmfrJIDHAlh,lXrFmfrJIDHAlh
u0gXxcFZuqjcuu,u0gXxcFZuqjcuu
v0icKKkDQCOnSS,v0icKKkDQCOnSS
I9H8wiUocwfoaZ,I9H8wiUocwfoaZ
9JlcnFpIMeKToq,9JlcnFpIMeKToq
0zMaITBwefX0Eo,0zMaITBwefX0Eo
upArczufnOwqOB,upArczufnOwqOB
yOmZZb2gBmIblR,yOmZZb2gBmIblR
yIlEgnaNMcWqVv,yIlEgnaNMcWqVv
40V4MP8wO80Gaz,40V4MP8wO80Gaz
6jLFWy5mQ4tUES,6jLFWy5mQ4tUES
ZtnOggr5meI2WU,ZtnOggr5meI2WU
mUMxkJICqqxWGS,mUMxkJICqqxWGS
TTtTWUJjzqa86M,TTtTWUJjzqa86M
8WqVYbOfXTygjo,8WqVYbOfXTygjo
SpaQkRuhoxFq3J,SpaQkRuhoxFq3J
asxNrMvqGm8tjH,asxNrMvqGm8tjH
KEuFPNcDpBcBrU,KEuFPNcDpBcBrU
F7FNYjLBKinwc7,F7FNYjLBKinwc7
XbCsnBjuVaXTq0,XbCsnBjuVaXTq0
zBk136gGYpM7cF,zBk136gGYpM7cF
FbB5txzQ8Vaefp,FbB5txzQ8Vaefp
DwOEE5VG1YIK9v,DwOEE5VG1YIK9v
euYQn4M93oP65z,euYQn4M93oP65z
Zosp0cRzLzf2kk,Zosp0cRzLzf2kk
ouTqLMxtvZujii,ouTqLMxtvZujii
N469ORs5RN9PP1,N469ORs5RN9PP1
pL1QxByouShqLo,pL1QxByouShqLo
U1VFJ5iiVBRhGD,U1VFJ5iiVBRhGD
i5TkcXW2PZcgx1,i5TkcXW2PZcgx1
f73UJlco3QGg3N,f73UJlco3QGg3N
MPa0yy9H0pofZP,MPa0yy9H0pofZP
FmgMujPkv9aEmF,FmgMujPkv9aEmF
iKLom7LJTt2pzN,iKLom7LJTt2pzN
RAU7Ep8ktucqb5,RAU7Ep8ktucqb5
UkObyEKYKUjx0L,UkObyEKYKUjx0L
SQq12LIaeLUI4p,SQq12LIaeLUI4p
avCCnJSBiZa7qP,avCCnJSBiZa7qP
h7x5Fe0k3se2Bp,h7x5Fe0k3se2Bp
sMGLK3ZpxWxOXR,sMGLK3ZpxWxOXR
xXEWeAYOjKtlPS,xXEWeAYOjKtlPS
yRfHMazWBOZ709,yRfHMazWBOZ709
9cfyViTsFDuKZ4,9cfyViTsFDuKZ4
n58qCt5e9RYB5M,n58qCt5e9RYB5M
ZrrkmNaChh2NvO,ZrrkmNaChh2NvO
MfSt3pzeU2xDLu,MfSt3pzeU2xDLu
TwVhUYx9l3yJBq,TwVhUYx9l3yJBq
XxvAGbhuigoYHG,XxvAGbhuigoYHG
AL3cXGRB2zTcAR,AL3cXGRB2zTcAR
5IXVsL6G34NiHh,5IXVsL6G34NiHh
IhRFVWIVEsY2RB,IhRFVWIVEsY2RB
JHZNReVaVAkJ7n,JHZNReVaVAkJ7n
ieBUNAqns2ctvY,ieBUNAqns2ctvY
BGGH4k5bu99fwz,BGGH4k5bu99fwz
8D64la1Ok5G4r4,8D64la1Ok5G4r4
eMSOYMM2M3o7vK,eMSOYMM2M3o7vK
weKv8K1l6hrLnc,weKv8K1l6hrLnc
co8aRTc0BzM8Un,co8aRTc0BzM8Un
j93ul6okfmxzoe,j93ul6okfmxzoe
gVKcEae7wAEGgr,gVKcEae7wAEGgr
EwtXhqvRayVtMn,EwtXhqvRayVtMn
sBc9x8kCs05frm,sBc9x8kCs05frm
lTTK2vpkZL4AJj,lTTK2vpkZL4AJj
Qbehva6iqcVGbS,Qbehva6iqcVGbS
mNZz8kptPuc4hf,mNZz8kptPuc4hf
Tg3W1lGZWt4bJa,Tg3W1lGZWt4bJa
UVwDkzcegtLOol,UVwDkzcegtLOol
9sxYOPEP1jX02H,9sxYOPEP1jX02H
euHbkPpOHe7mDk,euHbkPpOHe7mDk
WIqrm3eYjVe7xJ,WIqrm3eYjVe7xJ
NphDiqX5yHGTWm,NphDiqX5yHGTWm
BbjTjm195V9sAA,BbjTjm195V9sAA
SY21Q5stQG5KCn,SY21Q5stQG5KCn
h1EU6yIGnbW3Bk,h1EU6yIGnbW3Bk
yjqk0BRussOHWG,yjqk0BRussOHWG
01Eo0aLpiAzTPl,01Eo0aLpiAzTPl
KE4O8E6917KZwS,KE4O8E6917KZwS
